<?xml version="1.0" encoding="UTF-8"?>
<root>
  <item name="android.support.v4.provider.FontsContractCompat.FontFamilyResult FontFamilyResult(int, android.support.v4.provider.FontsContractCompat.FontInfo[]) 0">
    <annotation name="android.support.annotation.IntDef">
      <val name="value" val="{android.support.v4.provider.FontsContractCompat.FontFamilyResult.STATUS_OK, android.support.v4.provider.FontsContractCompat.FontFamilyResult.STATUS_WRONG_CERTIFICATES, android.support.v4.provider.FontsContractCompat.FontFamilyResult.STATUS_UNEXPECTED_DATA_PROVIDED}" />
    </annotation>
  </item>
  <item name="android.support.v4.provider.FontsContractCompat.FontFamilyResult int getStatusCode()">
    <annotation name="android.support.annotation.IntDef">
      <val name="value" val="{android.support.v4.provider.FontsContractCompat.FontFamilyResult.STATUS_OK, android.support.v4.provider.FontsContractCompat.FontFamilyResult.STATUS_WRONG_CERTIFICATES, android.support.v4.provider.FontsContractCompat.FontFamilyResult.STATUS_UNEXPECTED_DATA_PROVIDED}" />
    </annotation>
  </item>
  <item name="android.support.v4.provider.FontsContractCompat.FontFamilyResult mStatusCode">
    <annotation name="android.support.annotation.IntDef">
      <val name="value" val="{android.support.v4.provider.FontsContractCompat.FontFamilyResult.STATUS_OK, android.support.v4.provider.FontsContractCompat.FontFamilyResult.STATUS_WRONG_CERTIFICATES, android.support.v4.provider.FontsContractCompat.FontFamilyResult.STATUS_UNEXPECTED_DATA_PROVIDED}" />
    </annotation>
  </item>
  <item name="android.support.v4.provider.FontsContractCompat.FontRequestCallback void onTypefaceRequestFailed(int) 0">
    <annotation name="android.support.annotation.IntDef">
      <val name="value" val="{android.support.v4.provider.FontsContractCompat.FontRequestCallback.FAIL_REASON_PROVIDER_NOT_FOUND, android.support.v4.provider.FontsContractCompat.FontRequestCallback.FAIL_REASON_FONT_LOAD_ERROR, android.support.v4.provider.FontsContractCompat.FontRequestCallback.FAIL_REASON_FONT_NOT_FOUND, android.support.v4.provider.FontsContractCompat.FontRequestCallback.FAIL_REASON_FONT_UNAVAILABLE, android.support.v4.provider.FontsContractCompat.FontRequestCallback.FAIL_REASON_MALFORMED_QUERY, android.support.v4.provider.FontsContractCompat.FontRequestCallback.FAIL_REASON_WRONG_CERTIFICATES}" />
    </annotation>
  </item>
</root>

