<?xml version="1.0" encoding="UTF-8"?>
<root>
  <item name="android.support.v4.graphics.TypefaceCompat.FontRequestCallback void onTypefaceRequestFailed(int) 0">
    <annotation name="android.support.annotation.IntDef">
      <val name="value" val="{android.support.v4.graphics.TypefaceCompat.FontRequestCallback.FAIL_REASON_PROVIDER_NOT_FOUND, android.support.v4.graphics.TypefaceCompat.FontRequestCallback.FAIL_REASON_FONT_LOAD_ERROR, android.support.v4.graphics.TypefaceCompat.FontRequestCallback.FAIL_REASON_FONT_NOT_FOUND, android.support.v4.graphics.TypefaceCompat.FontRequestCallback.FAIL_REASON_FONT_UNAVAILABLE, android.support.v4.graphics.TypefaceCompat.FontRequestCallback.FAIL_REASON_MALFORMED_QUERY}" />
    </annotation>
  </item>
  <item name="android.support.v4.graphics.TypefaceCompatBaseImpl.WaitableCallback void onTypefaceRequestFailed(int) 0">
    <annotation name="android.support.annotation.IntDef">
      <val name="value" val="{android.support.v4.graphics.TypefaceCompat.FontRequestCallback.FAIL_REASON_PROVIDER_NOT_FOUND, android.support.v4.graphics.TypefaceCompat.FontRequestCallback.FAIL_REASON_FONT_LOAD_ERROR, android.support.v4.graphics.TypefaceCompat.FontRequestCallback.FAIL_REASON_FONT_NOT_FOUND, android.support.v4.graphics.TypefaceCompat.FontRequestCallback.FAIL_REASON_FONT_UNAVAILABLE, android.support.v4.graphics.TypefaceCompat.FontRequestCallback.FAIL_REASON_MALFORMED_QUERY}" />
    </annotation>
  </item>
</root>

