<?xml version="1.0" encoding="UTF-8"?>
<root>
  <item name="android.support.v4.app.NotificationCompat.BadgeIconType">
    <annotation name="android.support.annotation.IntDef">
      <val name="value" val="{android.support.v4.app.NotificationCompat.BADGE_ICON_NONE, android.support.v4.app.NotificationCompat.BADGE_ICON_SMALL, android.support.v4.app.NotificationCompat.BADGE_ICON_LARGE}" />
    </annotation>
  </item>
  <item name="android.support.v4.app.NotificationCompat.Builder android.support.v4.app.NotificationCompat.Builder setBadgeIconType(int) 0">
    <annotation name="android.support.annotation.IntDef">
      <val name="value" val="{android.support.v4.app.NotificationCompat.BADGE_ICON_NONE, android.support.v4.app.NotificationCompat.BADGE_ICON_SMALL, android.support.v4.app.NotificationCompat.BADGE_ICON_LARGE}" />
    </annotation>
  </item>
  <item name="android.support.v4.app.NotificationCompat.Builder android.support.v4.app.NotificationCompat.Builder setVisibility(int) 0">
    <annotation name="android.support.annotation.IntDef">
      <val name="value" val="{android.support.v4.app.NotificationCompat.VISIBILITY_PUBLIC, android.support.v4.app.NotificationCompat.VISIBILITY_PRIVATE, android.support.v4.app.NotificationCompat.VISIBILITY_SECRET}" />
    </annotation>
  </item>
  <item name="android.support.v4.app.NotificationCompat.NotificationVisibility">
    <annotation name="android.support.annotation.IntDef">
      <val name="value" val="{android.support.v4.app.NotificationCompat.VISIBILITY_PUBLIC, android.support.v4.app.NotificationCompat.VISIBILITY_PRIVATE, android.support.v4.app.NotificationCompat.VISIBILITY_SECRET}" />
    </annotation>
  </item>
  <item name="android.support.v4.app.ServiceCompat void stopForeground(android.app.Service, int) 1">
    <annotation name="android.support.annotation.IntDef">
      <val name="flag" val="true" />
      <val name="value" val="{android.support.v4.app.ServiceCompat.STOP_FOREGROUND_REMOVE, android.support.v4.app.ServiceCompat.STOP_FOREGROUND_DETACH}" />
    </annotation>
  </item>
  <item name="android.support.v4.app.ServiceCompat.StopForegroundFlags">
    <annotation name="android.support.annotation.IntDef">
      <val name="flag" val="true" />
      <val name="value" val="{android.support.v4.app.ServiceCompat.STOP_FOREGROUND_REMOVE, android.support.v4.app.ServiceCompat.STOP_FOREGROUND_DETACH}" />
    </annotation>
  </item>
</root>

