<?xml version="1.0" encoding="UTF-8"?>
<root>
  <item name="android.support.v4.app.FrameMetricsAggregator FrameMetricsAggregator(int) 0">
    <annotation name="android.support.annotation.IntDef">
      <val name="flag" val="true" />
      <val name="value" val="{android.support.v4.app.FrameMetricsAggregator.TOTAL_DURATION, android.support.v4.app.FrameMetricsAggregator.INPUT_DURATION, android.support.v4.app.FrameMetricsAggregator.LAYOUT_MEASURE_DURATION, android.support.v4.app.FrameMetricsAggregator.DRAW_DURATION, android.support.v4.app.FrameMetricsAggregator.SYNC_DURATION, android.support.v4.app.FrameMetricsAggregator.COMMAND_DURATION, android.support.v4.app.FrameMetricsAggregator.SWAP_DURATION, android.support.v4.app.FrameMetricsAggregator.DELAY_DURATION, android.support.v4.app.FrameMetricsAggregator.ANIMATION_DURATION, android.support.v4.app.FrameMetricsAggregator.EVERY_DURATION}" />
    </annotation>
  </item>
  <item name="android.support.v4.app.FrameMetricsAggregator.MetricType">
    <annotation name="android.support.annotation.IntDef">
      <val name="flag" val="true" />
      <val name="value" val="{android.support.v4.app.FrameMetricsAggregator.TOTAL_DURATION, android.support.v4.app.FrameMetricsAggregator.INPUT_DURATION, android.support.v4.app.FrameMetricsAggregator.LAYOUT_MEASURE_DURATION, android.support.v4.app.FrameMetricsAggregator.DRAW_DURATION, android.support.v4.app.FrameMetricsAggregator.SYNC_DURATION, android.support.v4.app.FrameMetricsAggregator.COMMAND_DURATION, android.support.v4.app.FrameMetricsAggregator.SWAP_DURATION, android.support.v4.app.FrameMetricsAggregator.DELAY_DURATION, android.support.v4.app.FrameMetricsAggregator.ANIMATION_DURATION, android.support.v4.app.FrameMetricsAggregator.EVERY_DURATION}" />
    </annotation>
  </item>
</root>

